title,author,score,comments,url
"In this post, share your small business experience, successes, failures, AMAS, and lessons learned.",Charice,21,158,https://www.reddit.com/r/smallbusiness/comments/1ltkg12/in_this_post_share_your_small_business_experience/
"Promote your business, week of November 17, 2025",Charice,39,118,https://www.reddit.com/r/smallbusiness/comments/1oz49vv/promote_your_business_week_of_november_17_2025/
Unpopular opinion: Your beautiful website is costing you sales,ClevrSolutions,94,42,https://www.reddit.com/r/smallbusiness/comments/1ozz17r/unpopular_opinion_your_beautiful_website_is/
Landlord wants us to pay to replace all HVAC?,TheExusGamer,46,75,https://www.reddit.com/r/smallbusiness/comments/1ozsln8/landlord_wants_us_to_pay_to_replace_all_hvac/
What niche GTM signals are you tracking? Give me some inspiration.,MixtureImportant1869,50,5,https://www.reddit.com/r/smallbusiness/comments/1ozr29w/what_niche_gtm_signals_are_you_tracking_give_me/
ADA warning on my store and every tool says something different,Limp_Description3082,33,23,https://www.reddit.com/r/smallbusiness/comments/1ozsj9m/ada_warning_on_my_store_and_every_tool_says/
I'm getting my ass kicked in my dog adventure business. Help!,Green_University_473,21,40,https://www.reddit.com/r/smallbusiness/comments/1ozv851/im_getting_my_ass_kicked_in_my_dog_adventure/
"People who own/manage retail sales, are returns killing you too?",ToshPointNo,76,40,https://www.reddit.com/r/smallbusiness/comments/1ozjkbc/people_who_ownmanage_retail_sales_are_returns/
Family business Starting to Fail,CrazyLemonLover,17,28,https://www.reddit.com/r/smallbusiness/comments/1ozwh7b/family_business_starting_to_fail/
The Random Purchase That Accidentally Boosted My Storeâ€™s Foot Traffic,Sobber07,5,5,https://www.reddit.com/r/smallbusiness/comments/1p042nu/the_random_purchase_that_accidentally_boosted_my/
